nproc,time
1, 0.437260
2, 0.423386
4, 0.411409
8, 0.448337
16, 0.482849
32, 0.517364
64, 0.543980
