nproc,time
1, 26.765481
2, 13.089721
4, 6.735515
8, 3.583674
16, 1.880683
32, 1.013840
64, 0.536328
