nb,iElaps_g
32,0.056697
16,0.059271
8,0.071918
4,0.152371
1,1.554026