nproc,N,gtime
1,840,9.874073
4,840,2.803482
9,840,1.338855
16,840,0.810714
25,840,0.546659
36,840,0.452601
49,840,0.379682
