N,nb,iElaps_h,iElaps_g
2048,1,58.750146,1.552158
2048,16,58.305258,0.059382
2048,64,58.340058,0.000087
2048,256,58.715960,0.000087
2048,1024,58.383182,0.000088
