nb,iElaps_g,iElaps_h
1024,1.581834,58.061782
256,0.447988,58.035330
64,0.416222,58.613019
16,0.440542,57.958028
1,3.357724,59.091103