nproc,N,gtime
1,840,9.866764
4,840,2.848224
9,840,1.363601
16,840,0.830403
25,840,0.561805
36,840,0.523478
49,840,0.423197
