nproc,N,gtime
1,840,9.848908
4,840,2.835830
9,840,1.367718
16,840,0.826341
25,840,0.572573
36,840,0.515600
49,840,0.416533
