N,nb,iElaps_h,iElaps_g
2048,1,58.068887,2.496640
2048,16,58.616259,0.487717
2048,64,58.684835,0.504879
2048,256,61.291200,0.979453
2048,1024,58.627456,9.156097
